id,area,lat,lng
2758,Тбилиси,41.72249985,44.79249954
8,Майкоп,44.60555267,40.10888672
1180,Нерюнгри,56.67188644,124.64318848
1240,Новокузнецк,53.75405121,87.12995148
2,Санкт-Петербург,59.93848419,30.31248474
1,Москва,55.75654221,37.61492157
2061,Подольск (Московская область),55.4336319,37.54853058
1545,Новочеркасск,47.41173553,40.10046768
2759,Ташкент,41.31233597,69.27870941
3695,Промышленная,54.91305161,85.63816833
98,Ульяновск,54.3187027,48.39763641
1399,Магнитогорск,53.39318085,58.98773575
160,Алматы,43.23639297,76.94572449
24,Волгоград,48.70959091,44.5141716
78,Самара,53.20534897,50.16312027
107,Чебоксары,56.14326096,47.253479
47,Кемерово,55.40312195,86.03689575
58,Липецк,52.60134125,39.5766449
63,Саранск,54.18515015,45.18523407
41,Калининград,54.71809006,20.49717903
1512,Волжский (Волгоградская область),48.81419373,44.73679733
49,Киров (Кировская область),58.60531998,49.66877365
77,Рязань,54.62407684,39.75260925
29,Махачкала,42.97283554,47.49367905
1528,Урюпинск,50.79748154,42.00519562
23,Владимир,56.12847519,40.40724182
70,Оренбург,51.76782608,55.09766006
94,Турция,38.98909378,35.43323517
11,Барнаул,53.34754562,83.777771
66,Нижний Новгород,56.32655716,44.00811005
32,Иваново (Ивановская область),56.99546814,40.97821808
3,Екатеринбург,56.83764648,60.59452438
76,Ростов-на-Дону,47.22303772,39.72137451
53,Краснодар,45.0334549,38.98019791
4,Новосибирск,55.04999924,82.94999695
102,Хабаровск,48.47609329,135.06053162
104,Челябинск,55.16012573,61.39356613
159,Нур-Султан,51.1282196,71.43067169
236,Кипр,34.98230362,33.14513016
88,Казань,55.78433609,49.11981201
1220,Бийск,52.53921509,85.20781708
1236,Ленинск-Кузнецкий,54.66363525,86.16208649
72,Пермь,58.00675583,56.22857285
212,Тольятти,53.50857925,49.41915131
1930,Щекино,,
83,Смоленск,54.78067017,32.05226898
99,Уфа,54.77345657,56.03474808
1002,Минск,53.897686,27.54942131
92,Тула,54.19213867,37.61645126
95,Тюмень,57.15456009,65.53749084
17,Белгород,50.59672165,36.58778
35,Иркутск,52.29074097,104.27861786
96,Ижевск,56.86688995,53.20812607
1156,Зеленогорск (Красноярский край),56.11140442,94.58799744
106,Чита,52.03844833,113.5040741
1595,Чапаевск,52.96870422,49.69572449
79,Саратов,51.5410881,46.0362854
1792,Калязин,57.23890305,37.84136963
54,Красноярск,56.01005173,92.8526001
1613,Энгельс,51.48530197,46.12672043
1720,Гусь-Хрустальный,55.61470032,40.67129517
84,Ставрополь,45.04412842,41.9648819
22,Владивосток,43.1157608,131.88548279
153,Атырау,47.10671997,51.91389847
71,Пенза,53.20381165,44.9714241
2377,Адлер,43.42733002,39.92211151
2041,Мытищи,55.91049957,37.73640442
1506,Ахтубинск,48.28578186,46.16395187
1441,Апшеронск,44.46554947,39.72854233
2094,Реутов,55.76253891,37.85671997
237,Сочи,43.58471298,39.71861267
15,Астрахань,46.34714127,48.02645874
90,Томск,56.48840332,84.94683075
1535,Волгодонск,47.52064133,42.14336395
55,Курган,55.4416008,65.34438324
1882,Железногорск (Курская область),52.34781265,35.34623718
1641,Набережные Челны,55.74103546,52.40010071
87,Тамбов,52.72116852,41.45298386
13,Армения,40.76962662,44.67366409
1724,Ковров,56.36700058,41.33300018
2090,Королев,55.92001343,37.80818939
39,Нальчик,43.4821434,43.60852432
112,Ярославль,57.62459564,39.891922
1616,Димитровград,42.06027222,25.5933342
1251,Калачинск,55.05221558,74.5786972
2448,Динская станица,45.21598053,39.22676086
131,Симферополь,44.95119858,34.10196686
64,Мурманск,68.97845459,33.08884048
1442,Армавир,44.99757004,41.11064148
2734,Иннополис,55.74993515,48.74236679
1003,Гомель,52.4191246,30.97227287
3818,Солнечный (Воронежская область),51.90048193,39.28663914
2025,Домодедово,55.44320297,37.74777985
1366,Учалы,54.31731033,59.37921906
52,Кострома,57.76887131,40.92469406
44,Петропавловск-Камчатский,53.01248932,158.65100098
1126,Ангарск,52.54470825,103.88831329
1827,Шебекино,50.41389084,36.89471054
2239,Барановичи,53.13190842,26.01659966
1390,Златоуст,55.17829132,59.66930771
1248,Юрга,55.71406555,84.84025574
1990,Всеволожск,60.02008057,30.65815544
1235,Киселевск,54.00454712,86.63432312
19,Брянск,53.23550415,34.35387039
69,Орел,52.96398163,36.06850815
14,Архангельск,64.5434494,40.53619385
1231,Белово,42.21401978,24.01736832
4959,Кетово,55.34754944,65.33642578
214,Дудинка (Красноярский край),69.40657043,86.17628479
26,Воронеж,51.63309097,39.23163986
1004,Могилев,53.90841293,30.34563446
1079,Кемь,64.95451355,34.57019806
1356,Ишимбай,53.44900131,56.04187775
1753,Череповец,59.12907028,37.91370392
75,Псков,57.81523132,28.33957481
25,Вологда,59.22130585,39.88681412
2088,Зеленоград,55.98410034,37.1799736
1993,Гатчина,59.5686264,30.12194443
2053,Одинцово,55.68037033,37.26369476
105,Грозный,43.31489944,45.70095825
2492,Баку,40.37558746,49.83280182
1457,Темрюк,45.28203201,37.36462784
61,Йошкар-Ола,56.63188934,47.89793015
89,Тверь,56.85942078,35.91236877
2035,Видное,55.55758286,37.71046448
4285,Саракташ,51.78305817,56.36859894
81,Южно-Сахалинск,46.965065,142.73925781
67,Великий Новгород,58.55091095,31.21714783
1454,Новороссийск,44.73601151,37.78205109
1007,Брест,52.0941124,23.7319088
1362,Салават,53.37654877,55.92562485
1291,Нижний Тагил,57.91083527,59.97153854
1891,Грязи,52.49468994,39.94895172
2814,Батуми,41.6430397,41.65523911
2062,Пушкино (Московская область),56.01044083,37.84685898
73,Петрозаводск,61.78736877,34.35445023
68,Омск,54.97975922,73.4106369
3769,Айхал,65.94815826,111.49711609
2089,Ивантеевка,55.97110748,37.91589737
2083,Щелково,,
1005,Витебск,55.1845932,30.20467567
1345,Тобольск,58.20070648,68.25566864
1432,Хасавюрт,43.24577713,46.58584976
46,Черкесск,44.23302841,42.04776764
4622,ВНИИССОК,55.65647507,37.21234894
2001,Ломоносов,59.91633987,29.77122307
1705,Касимов,54.9411087,41.39857483
42,Элиста,46.3073082,44.26916885
1599,Балаково,52.00767517,47.82555008
1937,Свободный,51.38261795,128.13331604
91,Кызыл,51.71908188,94.43398285
1895,Лебедянь,53.01822281,39.13566971
1352,Бирск,55.41760635,55.54207993
1411,Чебаркуль,54.97811127,60.36968994
1410,Усть-Катав,54.92940903,58.16770554
2040,Можайск,55.50870895,36.01519012
4348,Караваево,56.13079834,39.52050018
1364,Стерлитамак,53.63227463,55.92555618
1533,Батайск,47.13970184,39.75057602
187,Тараз,42.90159607,71.37693024
1587,Жигулевск,53.40336227,49.51060867
43,Калуга,54.515625,36.2652359
1419,Новый Уренгой,66.08824158,76.69262695
103,Абакан,53.71735382,91.44515991
2092,Лобня,55.98564148,37.497715
20,Улан-Удэ,51.83408356,107.58968353
147,Ханты-Мансийск,61.004879,69.02242279
56,Курск,51.73139191,36.19286346
2077,Химки,55.88905334,37.44548416
130,Севастополь,44.55065155,33.53895187
1344,Ишим,56.11038589,69.48345947
51,Сыктывкар,61.67127228,50.83755875
2034,Красногорск,55.8209877,37.32074356
1711,Сасово,54.35778046,41.92076874
1017,Северодвинск,64.57215881,39.81790161
1444,Геленджик,44.56035995,38.07889175
82,Владикавказ,43.03486252,44.6795578
1550,Таганрог,47.20895004,38.93622971
2078,Чехов,55.14308167,37.45426941
12,Благовещенск (Амурская область),50.2747879,127.53783417
246,Норильск,69.33552551,88.22437286
57,Латвия,56.85401154,24.9270668
1631,Бугульма,54.53865051,52.80108261
1571,Орск,51.2126503,58.61896515
2399,Забайкальск,49.65244675,117.32623291
154,Актобе,50.28362656,57.22986603
1914,Алексин,54.50299454,37.06474304
59,Литва,55.33676529,23.90493774
177,Караганда,49.81612778,73.10266113
2065,Раменское,55.56769943,38.22788239
1405,Сатка,55.04527283,58.97472763
172,Костанай,53.21466064,63.63260651
1919,Донской,53.96874237,38.33777618
1418,Надым,65.53362274,72.51139832
1516,Камышин,50.08664703,45.40205765
1149,Боготол,56.21132278,89.53009033
85,США,39.50357056,-99.01832581
1709,Рыбное,54.73068619,39.50551224
1592,Отрадный (Самарская область),53.36167908,51.34940338
2778,Самарканд,39.65500259,66.97569275
6332,Посёлок совхоза имени Ленина,54.70507431,36.07857132
1498,Пятигорск,44.03902817,43.06563187
1509,Нариманов,46.68769073,47.84968948
1319,Березники,59.40618134,56.80295563
1522,Николаевск,50.02720261,45.46293259
1552,Шахты,47.69915771,40.20883942
1243,Прокопьевск,53.88492584,86.75039673
1042,Воркута,67.49739838,64.06095123
1164,Сосновоборск,56.12018204,93.3356781
5049,Кишинёв,47.02419662,28.83182907
2120,Ялта,44.50235367,34.1571579
1802,Старица,56.51528168,34.9355011
2098,Электросталь,55.79100418,38.44138718
1378,Пыть-Ях,60.75537109,72.8431778
1400,Миасс,55.04552841,60.10382843
1814,Рыбинск,58.04795074,38.85987854
1682,Бор,44.07912445,22.09886551
6374,Софьино (Раменский район),55.26607513,38.09810257
1728,Лакинск,56.01662064,39.94356537
1991,Выборг,60.71059418,28.76587486
2554,Колпино,59.74940109,30.59404755
4735,Тевриз,57.50449371,72.4039917
174,Кызылорда,44.84267807,65.50361633
1955,Находка,42.83160019,132.89849854
1493,Михайловск (Ставропольский край),45.12781906,42.02455902
1374,Нефтеюганск,61.09292221,72.61164093
181,Павлодар,52.28575897,76.94550323
216,Агинское (Забайкальский АО),51.10813904,114.53379822
1460,Туапсе,44.09957886,39.07928085
1647,Воткинск,57.05962753,54.03874207
2073,Серпухов,54.91712189,37.42476273
192,Туркестан,43.30194473,68.27037048
5457,Тайцы,59.66513824,30.11355972
80,Якутск,62.03110504,129.72291565
1691,Кстово,56.1461525,44.19818497
2075,Ступино,54.88690948,38.07837677
1361,Октябрьский (Республика Башкортостан),54.48438263,53.47279739
1225,Новоалтайск,53.40745163,83.94393921
1420,Ноябрьск,63.20163345,75.46026611
1296,Первоуральск,56.90480042,59.94166183
2653,Каскелен,43.20227051,76.62458038
4869,Магистральный,56.16769409,107.43572235
2049,Голицыно,55.61602783,36.98654175
1594,Сызрань,53.17397308,48.47620773
1581,Нижний Ломов,53.53251648,43.67835617
5046,Черногория,42.78687668,19.25169754
1300,Североуральск,60.16025543,59.93715668
2760,Бишкек,42.87778854,74.60668945
1395,Копейск,55.11290359,61.62203979
2069,Сергиев Посад,56.31013107,38.13402939
1924,Новомосковск (Тульская область),54.01007843,38.28731155
5083,Новый Уоян,56.14168167,111.73125458
2045,Ногинск,55.85413361,38.44114304
1360,Нефтекамск,56.09195709,54.23957825
194,Усть-Каменогорск,49.94844437,82.62747955
2059,Павловский Посад,55.77858353,38.65141296
4888,Хомутово (Иркутская область),52.4656868,104.36240387
1415,Губкинский,64.43378448,76.48980713
247,Дзержинск (Нижегородская область),56.242733,43.47246552
4252,Большой Исток,59.09999847,37.48300171
2813,Кутаиси,42.25,42.70000076
1590,Новокуйбышевск,53.09962845,49.94842148
1130,Братск,56.16770935,101.62294769
2700,Бахчисарай,44.75760651,33.86223221
1006,Гродно,53.67042542,23.82331085
2022,Воскресенск,55.32239151,38.6739502
205,Шымкент,42.31469727,69.5883255
2023,Дмитров,56.34259796,37.51897812
2042,Апрелевка,55.54523087,37.07326126
2033,Коломна,55.09566498,38.76544952
1335,Соликамск,59.64836121,56.7709198
146,Сербия,44.23060226,20.7939949
1531,Азов,47.09989929,39.41136551
1871,Малоярославец,55.00984955,36.46764755
1135,Нижнеудинск,54.90995026,99.02890015
5605,Новый Хушет,42.90229034,47.55851364
1490,Кисловодск,43.90552521,42.71547699
1787,Бологое,57.88560486,34.05326843
4732,Таврическое,54.58745193,73.63731384
2822,Боржоми,41.84780502,43.4050827
1095,Новоржев,57.0308609,29.33254814
1485,Ессентуки,44.04932404,42.85707474
5166,Верхний Баскунчак,48.22978973,46.7220993
200,Болгария,42.75815964,25.23507118
1381,Сургут,61.24982834,73.39154053
5015,Пойковский,60.99229431,71.90077972
1825,Старый Оскол,51.29663086,37.83509827
2451,Ноглики,51.80404282,143.15124512
1312,Макушино,55.20050049,67.25656128
1811,Переславль-Залесский,56.73905945,38.85972977
1627,Альметьевск,54.90065002,52.29627991
2096,Щербинка,55.50779724,37.56284714
249,Саров,54.93859482,43.32735825
5866,"Калтасы (Калтасинский район, Башкортостан)",55.96975708,54.78575516
2014,Сосновый Бор (Ленинградская область),59.90243149,29.06637001
1269,Верхняя Пышма,56.96545029,60.58012009
1546,Новошахтинск,47.78152847,39.9187851
1449,Кропоткин,45.43438721,40.57270432
114,Венгрия,47.1652832,19.41218948
1768,Шуя,56.85438156,41.38464355
248,Арзамас,55.39728928,43.83049393
74,Польша,52.12467194,19.40042686
1778,Нерехта,57.4602356,40.57230759
5128,Некрасовский (Московская область),56.12506104,37.51299286
1730,Муром,55.57618713,42.054142
2070,Хотьково,56.25252914,37.97883606
2058,Орехово-Зуево,55.79999924,38.96699905
208,ОАЭ,24.00024796,53.9994812
1266,Березовский (Свердловская область),56.91199875,60.79655075
1132,Железногорск-Илимский,56.5647316,104.12847137
235,Аргентина,-34.99649811,-64.96728516
1715,Шацк (Рязанская область),54.02544785,41.71206284
1931,Ясногорск,54.48628616,37.70923233
6299,Отеген-Батыр,43.41625595,77.01747894
1942,Облучье,49.01139832,131.05709839
1795,Конаково,56.68987274,36.76365662
1494,Невинномысск,44.62272644,41.94795227
1179,Мирный (Республика Саха (Якутия)),62.54065323,113.97836304
2020,Балашиха,55.79703903,37.93450546
1642,Нижнекамск,55.63312531,51.80914307
166,Жезказган,47.80434036,67.71456909
1143,Усть-Кут,56.79787827,105.76855469
1226,Рубцовск,51.50569153,81.19950867
1123,Северобайкальск,55.63591766,109.32308197
1014,Новодвинск,64.41197968,40.83148956
1569,Медногорск,51.40423965,57.59051514
1456,Славянск-на-Кубани,45.25980377,38.12402725
4573,Елань,50.94528961,43.73741531
1813,Ростов (Ярославская область),57.18761063,39.42741013
1194,Борзя,50.39396667,116.52438354
1204,Бердск,54.76309204,83.09584808
1680,Балахна,56.50463867,43.6019516
152,Актау,43.63533783,51.16822052
1052,Боровичи,58.39039612,33.91023254
1429,Каспийск,42.88866425,47.63437271
1695,Навашино,55.54348755,42.20038986
1297,Полевской,56.44282913,60.16425705
1398,Кыштым,55.70786667,60.5390358
4524,Куйбышево (Ростовская область),47.81476974,38.90709686
1651,Сарапул,56.47769928,53.80198669
2086,Дубна,56.74570084,37.19487
1098,Остров,,
1721,Камешково,56.34856415,41.00111771
4999,Белый Яр (Ханты-Мансийский АО),61.26272583,73.25244141
118,Донецк,47.98130798,37.77528381
1692,Кулебаки,55.41407394,42.5154953
1142,Усть-Илимск,58.00360489,102.66385651
180,Петропавловск,54.86680984,69.13349915
1657,Новочебоксарск,56.108284,47.47622299
86,Таджикистан,38.62817383,70.81565094
2667,Атяшево,54.59270859,46.07821655
1062,Апатиты,67.56707764,33.41082001
5032,Тазовский,67.47252655,78.71620178
4974,Бердюжье,55.80553818,68.30890656
1096,Новосокольники,56.34939575,30.16196251
2116,Керчь,45.36016464,36.46684265
6451,Фёдоровское (Ленинградская область),59.66281128,30.53108978
3671,Троицкое (Алтайский край),52.98117065,84.68300629
301,Обнинск,55.104496,36.61016846
2112,Абхазия,43.08427811,41.14315796
2640,Выселки,45.5841217,39.66168213
1737,Суздаль,56.41994858,40.4495163
1870,Людиново,53.86433411,34.43904495
1371,Лангепас,61.25301361,75.17786407
2323,Молодечно,54.31774902,26.87177849
1665,Кирово-Чепецк,58.55309296,50.04560471
3270,Васюринская,45.11778641,39.4208107
1054,Малая Вишера,58.84244919,32.22797012
2009,Приморск (Ленинградская область),60.36538696,28.60812187
2064,Жуковский,55.57793808,38.12507248
1427,Дербент,42.05744171,48.30114365
2115,Евпатория,45.19388962,33.36806107
1580,Кузнецк,53.11603546,46.59395981
1206,Искитим,54.63345337,83.30847168
4957,Звериноголовское,54.46072006,64.85033417
60,Магадан,59.56291962,150.80673218
1976,Амурск,50.23295975,136.90844727
1375,Нижневартовск,60.93113708,76.56860352
197,Щучинск,52.93874741,70.1857605
1633,Елабуга,55.758255,52.07051086
1566,Бузулук,52.78394318,52.25246811
1139,Тайшет,55.93572235,97.99723053
1099,Печоры,65.11975098,57.15851974
1764,Пучеж,56.97358322,43.16866684
1532,Аксай (Ростовская область),47.27144623,39.86741257
1088,Сортавала,61.7064476,30.69810677
2051,Краснознаменск (Московская область),55.6001358,37.03549957
1337,Чайковский,56.77500534,54.13603973
1703,Шахунья,57.67478561,46.60970306
1369,Белоярский,56.75674057,61.39264297
1298,Ревда (Свердловская область),56.80059433,59.91685486
1818,Алексеевка,50.62783051,38.68877411
3935,Ворсино (Калужская область),55.22553635,36.65172195
1238,Междуреченск,53.69073105,88.07415771
1514,Жирновск,50.96352005,44.78739166
1782,Шарья,58.36430359,45.51090622
2686,Излучинск,60.95143509,76.8835907
1734,Собинка,55.99340439,40.01839066
1191,Черногорск,53.82823563,91.31320953
1865,Жуков,55.0319519,36.7462616
2095,Троицк (Московская область),55.47637558,37.29719543
193,Уральск,51.20407104,51.37078476
1510,Харабали,47.41764069,47.23875046
37,Испания,40.3901062,-3.55436707
1350,Белебей,54.10348511,54.11129761
2063,Бронницы,55.42609024,38.26406097
1447,Ейск,46.71152878,38.26543045
1860,Балабаново,55.17811584,36.66059113
1295,Новоуральск,57.25915909,60.11002731
3665,Тамань,45.21591949,36.71905136
2052,Кубинка,55.57538605,36.69499588
2311,Борисов,54.22934723,28.50340462
1097,Опочка,56.71444321,28.66284752
1833,Клинцы,52.75357437,32.23407364
1277,Ирбит,57.67248917,63.07077408
1492,Минеральные Воды,44.20325851,43.13638687
2229,Мексика,23.93359184,-102.50969696
1302,Среднеуральск,56.99234772,60.4740181
1285,Красноуфимск,56.6195755,57.76975632
1093,Дно,57.82566833,29.96324921
34,Магас,43.16661072,44.80659103
1091,Великие Луки,56.33926773,30.53225136
1354,Давлеканово,54.21426773,55.01477814
1389,Еманжелинск,54.76076126,61.33372879
2039,Люберцы,55.68134689,37.89608002
2828,Кобулети,41.8105011,41.78000259
2634,Нахабино,55.84634018,37.1946106
1134,Киренск,57.78889084,108.11439514
1437,Назрань,43.22254944,44.77285385
2652,Крыловская станица (Крыловский район),46.32184982,39.97050095
1265,Асбест,57.01182175,61.46046066
10,Горно-Алтайск,51.95866013,85.96019745
1979,Комсомольск-на-Амуре,50.54402161,136.98382568
1178,Ленск,60.72050476,114.92481995
1896,Усмань,52.04336929,39.7349205
176,Кокшетау,53.28520584,69.38146973
1439,Абинск,44.86603165,38.15073013
2027,Зарайск,54.75846863,38.88228607
2038,Котельники,55.66072845,37.86545944
1847,Борисоглебск,51.37716293,42.09730148
5025,Заполярный (Ямало-Ненецкий АО),66.45259857,73.86419678
171,Капчагай,43.86494827,77.05334473
2012,Сертолово,60.14716339,30.20092201
1459,Тихорецк,45.85484695,40.1256218
1789,Вышний Волочек,57.58900452,34.56071472
188,Талдыкорган,45.01641464,78.37918091
1246,Таштагол,52.75883865,87.84963226
31,Биробиджан,48.79655075,132.91680908
1996,Кингисепп,59.37100983,28.61561584
2032,Клин,56.33171844,36.72921371
1370,Когалым,62.26528931,74.48635864
1997,Кириши,59.45251465,32.03498459
1854,Павловск (Воронежская область),50.45900726,40.13993454
2119,Феодосия,45.04888916,35.37916946
1165,Ужур,55.3116951,89.82022858
1162,Минусинск,53.71409988,91.71269989
108,Швейцария,46.80123901,8.23096561
1893,Елец,52.61778641,38.50482941
100,Финляндия,63.24677658,25.9209156
1998,Кировск (Ленинградская область),59.8731041,30.98630714
2074,Солнечногорск,56.18638229,36.9793663
1440,Анапа,44.89468002,37.31814957
1286,Кушва,58.28078842,59.76280594
2672,Юргамыш,55.37218094,64.46125031
1686,Выкса,55.31893539,42.18039322
2688,Уренгой,65.9642334,78.36798096
1412,Южноуральск,54.44246674,61.26823425
1214,Черепаново,54.22180557,83.37896729
1100,Порхов,57.76115799,29.56071663
1391,Карабаш (Челябинская область),55.47812271,60.20339584
4275,Новоорск,51.38114929,58.9852562
1958,Уссурийск,43.81162262,131.95030212
6073,Майна (Ульяновская область),54.11714935,47.61359024
5300,Крым (Ростовская область),47.74139786,41.31015778
1227,Славгород (Алтайский край),53.00631332,78.63040161
1673,Орлов,58.53300095,48.90000153
3056,Кольцово (Новосибирская область),54.93781662,83.17829895
2301,Лида,53.89007187,25.29816818
1163,Назарово,56.01134491,90.41659546
2751,Оболенск,54.97967911,37.22893906
1289,Невьянск,57.49082184,60.21172714
101,Франция,46.62480545,2.45837402
1284,Красноуральск,58.35754013,60.03503418
4571,Городище,49.28914261,31.44530869
4102,Белоярский (Свердловская область),56.75674057,61.39264297
1928,Узловая,53.97621918,38.15827179
2647,Новая Усмань,51.64848328,39.42006683
2786,Джизак,40.13317871,67.82341003
2085,Долгопрудный,55.93353653,37.51530457
1409,Троицк (Челябинская область),54.08218002,61.55836868
4492,Александровка (Ростовская область),46.78923416,38.9872818
1920,Ефремов,53.14571762,38.11456299
2028,Истра,55.91498947,36.85813141
1011,Котлас,61.24906921,46.63502121
1822,Губкин,51.28348923,37.53554916
1278,Каменск-Уральский,56.41560364,61.91898727
2265,Полоцк,55.48397446,28.78633499
3317,Голубицкая,45.32007599,37.27854156
1986,Нарьян-Мар,67.63799286,53.00686264
2959,Ува,56.98244476,52.19241333
1145,Шелехов,52.21025085,104.09736633
1517,Котельниково,47.62591934,43.14722443
5414,Виллози,59.69715881,30.10390854
2037,Луховицы,54.96522522,39.02615738
1025,Гусев,54.59030533,22.19971657
1892,Данков,53.24651337,39.14767838
3725,Зубова-Поляна,54.07472229,42.83094406
1109,Дорогобуж,54.90997314,33.28086853
1910,Моршанск,53.4481926,41.8106842
2490,Пушкин,59.72184372,30.4162159
185,Семей,50.40437698,80.24966431
2097,Электрогорск,55.88088989,38.78443909
199,Чехия,49.73923874,15.3317976
1241,Осинники,53.6072731,87.33197784
1846,Богучар,49.93368149,40.5581665
1417,Муравленко,63.79479599,74.49693298
1445,Горячий Ключ,44.63299942,39.13299942
2522,Красное Село,59.73300171,30.09041595
4596,Уват (Тюменская область),59.14265823,68.89477539
3856,Тербуны,52.13435364,38.28627396
3809,Нижнедевицк,51.54261398,38.36445618
150,Аксай (Казахстан),51.17389297,53.01147842
1663,Вятские Поляны,56.22369003,51.07531357
4087,Теплое,53.61873627,37.59485245
1570,Новотроицк (Оренбургская область),51.21138,58.29955673
1462,Хадыженск,44.42523193,39.53482056
1136,Саянск,54.11000061,102.17198944
1803,Торжок,57.0408783,34.95896912
5781,Бердяуш,55.16284943,59.13614273
3075,Раевский (Альшеевский район),54.06686783,54.94453812
2326,Слуцк,53.0267868,27.55235863
1388,Верхний Уфалей,56.05577087,60.23079681
6669,Песчаное,52.99943161,76.30432129
4818,Кош-Агач,49.99518585,88.66588593
1129,Бодайбо,57.85093307,114.1917038
3720,Петропавловка (Воронежская область),50.08159637,40.88159561
2689,Новотитаровская,45.23641968,38.97108841
198,Экибастуз,51.72758102,75.32884979
1950,Артем,43.35577393,132.19137573
1050,Ухта,63.56206894,53.68460083
1282,Кировград,57.43151093,60.05493546
2250,Малорита,51.79222488,24.08344269
1047,Печора,65.11975098,57.15851974
183,Риддер (ВКО),50.33893204,83.50615692
2664,Павловск (Ленинградская область),59.68206787,30.46378326
5369,Синдор,62.80997849,51.98516464
1826,Строитель (Белгородская область),50.7879982,36.48697662
2790,Навои,40.1034584,65.37342072
5170,Икряное,46.09291077,47.72956085
1393,Касли,55.89001846,60.76431656
6007,Телеханы,52.51528168,25.84177971
1407,Снежинск,56.085186,60.7351532
1222,Заринск,53.70389938,84.92602539
2441,Монино,55.84414673,38.19919586
238,Малайзия,3.60245395,114.70446777
1718,Вязники,56.24498749,42.13394547
4780,Шушенское,53.33014679,91.94764709
6368,Большие Вязёмы,55.62961197,37.00471878
1805,Удомля,57.86471558,35.01876831
2006,Отрадное (Ленинградская область),59.76281357,30.77301025
1540,Каменск-Шахтинский,48.32780075,40.27056503
2013,Сланцы,59.11237335,28.08800125
27,Германия,51.09198761,10.38080883
6431,Глубокое (Восточно-Казахстанская область),50.14382935,82.31694794
2805,Красная Поляна,43.68011856,40.20458984
1637,Лениногорск,54.58694077,52.43239594
1195,Краснокаменск,50.0929985,118.032341
1794,Кимры,56.87327576,37.35578156
1635,Зеленодольск (Республика Татарстан),55.84281921,48.49217987
5098,Приаргунск,50.36863327,119.09076691
2437,Степногорск,52.3463707,71.88049316
1866,Киров (Калужская область),54.08107376,34.30770493
1140,Тулун,54.56030273,100.57904053
1247,Топки,55.27621078,85.6204834
1618,Новоульяновск,54.14766312,48.38647842
1212,Татарск,55.2212677,75.98466492
3698,Кугеси,56.02810669,47.29677582
3717,Игра,57.55081558,53.04841232
2950,Макинск,52.63286972,70.41821289
4631,Карымское,51.62254333,114.35379791
318,Словакия,48.70747757,19.48480606
4302,Коммунарка,55.55966187,37.4691925
1260,Стрежевой,60.7327652,77.60406494
2047,Черноголовка,56.0098114,38.3773613
1848,Бутурлиновка,50.82830048,40.58826065
1611,Хвалынск,52.49263763,48.10285187
2082,Фрязино,55.95288086,38.05315018
2821,Болниси,41.44968033,44.54297638
6595,Владимиро-Александровское,42.88809967,133.07325745
1113,Рославль,53.94796753,32.8577652
5134,Кандры,54.55578995,54.11384964
3783,Красногвардейское (Ставропольский край),45.83646393,41.51261902
1538,Зверево,48.03088379,40.12048721
1110,Духовщина,55.19001389,32.40459824
6334,Горки Ленинские,55.50986862,37.77886963
1416,Лабытнанги,66.65963745,66.38618469
1148,Ачинск,56.26358414,90.49446106
2048,Электроугли,55.71699905,38.20000076
1259,Северск (Томская область),56.60638428,84.8867569
5178,Нижний Баскунчак,48.21915054,46.83139038
164,Балхаш,46.08569717,74.29686737
1154,Железногорск (Красноярский край),56.25093842,93.5328598
3682,Волоконовка,50.48694992,37.84103012
1443,Белореченск,44.76545334,39.87202072
115,Киев,50.44974899,30.52371788
2017,Тосно,59.54510498,30.86951828
2952,Жетысай,40.77713394,68.32467651
4129,Парфино,57.9750824,31.64679146
1161,Лесосибирск,58.24332047,92.47962952
1600,Балашов,51.54365921,43.1793251
6105,Дорохово (Московская область),55.54217911,36.37673187
4023,Рощино (Ленинградская область),60.25609589,29.61486626
2827,Каспи,41.92770004,44.42168427
2996,Белоозёрский (Московская область),55.4583931,38.44638062
21,Великобритания,54.00064087,-2.59318709
2750,Петергоф,59.88088989,29.90318108
1448,Кореновск,45.46590805,39.44924545
1868,Кондрово,54.79842758,35.92410278
2108,Индонезия,-0.199674,114.00997925
1141,Усолье-Сибирское,52.75872421,103.63721466
5557,Понежукай,44.88877106,39.38132095
1452,Лабинск,44.63700867,40.7228775
2093,Лыткарино,55.57999039,37.90876007
4841,Линево (Новосибирская область),54.45780945,83.37766266
2109,Йемен,16.3471241,47.89152527
2044,Наро-Фоминск,55.38414001,36.72289276
6184,Новозавидовский,56.56339645,36.42700577
1735,Струнино,56.37105942,38.57743835
1413,Юрюзань,54.86700058,58.43299866
3766,Ессентукская,44.02440262,42.86259842
1707,Михайлов,53.62127304,64.25291443
1377,Покачи,61.74419022,75.59723663
6352,Новое Ступино,54.88690948,38.07837677
4654,Петропавловка (Республика Бурятия),50.60839844,105.31118011
2091,Красноармейск (Московская область),56.10314178,38.13665009
1211,Обь,55.72029495,83.74698639
1067,Кировск (Мурманская область),67.61497498,33.67132187
1155,Заозерный,55.9668808,94.71136475
2327,Смолевичи,54.02911758,28.08585358
245,Камбоджа,12.71154022,104.91756439
1280,Карпинск,59.77254868,60.0041008
2072,Пущино,54.83169174,37.63048553
1621,Волжск,55.85713959,48.3677063
2087,Железнодорожный,55.75065613,38.00820923
1883,Курчатов,51.65380096,35.67330933
1999,Коммунар,59.63201904,30.41500282
1355,Дюртюли,55.48605347,54.86880493
4977,Большое Сорокино,56.62953949,69.80747223
1268,Верхний Тагил,57.37378693,59.94129562
1075,Североморск,69.0740509,33.41637421
4850,Толмачево,55.01010132,82.65454865
1081,Костомукша,64.58732605,30.59863472
2743,Иваново (Брестская область),52.14587784,25.53268051
2782,Фергана,40.37648773,71.7913208
3703,Шилово,54.32330704,40.88799286
5085,Крекшино,55.57839966,37.1110611
1040,Черняховск,54.63471985,21.81193924
1645,Чистополь,55.36978149,50.64147949
1639,Менделеевск,55.89162445,52.32061386
1938,Сковородино,53.97929382,123.94332886
3664,Балахта (Красноярский край),55.39002609,91.61955261
1507,Знаменск,48.58455658,45.72043991
1458,Тимашевск,45.61171341,38.93335724
1108,Десногорск,54.15831375,33.29228592
5833,Култаево,57.89519501,55.93746948
1565,Бугуруслан,53.65578842,52.43783188
1403,Озерск (Челябинская область),55.7585907,60.72277451
2084,Дзержинский,55.63050079,37.8487587
1909,Мичуринск,52.89424133,40.49884796
4580,Кумылженская,49.88895416,42.57577896
1092,Гдов,58.74184799,27.8163147
2334,Бобруйск,53.14489365,29.23532867
1648,Глазов,58.13643646,52.65610504
5461,Янино-1,59.94852066,30.55685806
1862,Боровск,55.20732498,36.48568726
3941,Товарково (Калужская область),54.68371201,35.96715164
5459,Усть-Луга,59.6569252,28.2528019
1292,Нижняя Салда,58.07730103,60.72827911
1487,Зеленокумск,44.42122269,43.86722565
3844,Волово,53.56319809,37.99849701
2784,Коканд,40.54084778,70.9473877
1798,Лихославль,57.12191772,35.47703934
1951,Большой Камень,43.11739349,132.35047913
1834,Мглин,53.05944443,32.83573914
4511,Зимовники,47.15681458,42.46835327
2066,Руза,55.70173645,36.19327927
109,Эстония,58.68366241,25.83779716
2026,Егорьевск,55.3781395,39.04365921
1334,Очер,57.88228607,54.71821976
1725,Кольчугино,56.29408646,39.37696457
1542,Красный Сулин,47.8966217,40.05673599
1689,Заволжье,56.64622116,43.38337708
1467,Прохладный,43.75940323,44.01080322
2837,Ткибули,42.35028076,42.99832916
1824,Новый Оскол,50.76025391,37.87003326
1640,Мензелинск,55.71747208,53.07348633
1271,Верхняя Тура,58.35955048,59.82083511
2953,Уруссу,54.59894562,53.46398163
1359,Мелеуз,52.96109009,55.92829514
1213,Тогучин,55.23029327,84.39293671
2658,Северская станица,44.85162354,38.67713165
3676,Вурнары,55.49893188,46.9528389
1777,Мантурово,58.33457947,44.77245712
1245,Тайга,56.0609169,85.62436676
2021,Волоколамск,56.03628922,35.95737076
3279,Львовское,55.31388855,37.52222061
1037,Светлый,54.67181396,20.12989235
6245,Витим,57.58355713,116.48627472
2698,Алупка,44.42100525,34.04352188
1949,Арсеньев,44.15085983,133.29150391
4317,Балакирево,56.49986267,38.84450912
1363,Сибай,52.71790695,58.66625214
1488,Изобильный,45.36658478,41.70914078
4216,Аликово,55.73840332,46.74756241
1558,Инсар,53.86854935,44.38249207
5057,Тучково,55.60056305,36.4674263
2386,Джанкой,45.71068573,34.39171982
4819,Майма,52.00416565,85.90216827
1182,Олекминск,60.37862778,120.42372131
1262,Алапаевск,57.84091187,61.70267105
1450,Крымск,44.93022537,37.98711014
4035,Бежаницы,56.9739418,29.88149452
5524,Индустриальный (Краснодарский край),45.10110474,39.1143074
1258,Колпашево,58.31764603,82.89981079
2054,Озеры,,
1436,Малгобек,43.53577423,44.64126968
1270,Верхняя Салда,58.05093002,60.54880142
1921,Кимовск,53.97175598,38.53302383
3044,Сергиевск,53.94150925,51.16649628
1131,Вихоревка,56.11700058,101.16699982
1578,Заречный (Пензенская область),53.19977951,45.15619659
4979,Вагай,57.93268204,69.02259064
5270,Троицкое (Сахалинская область),46.92419815,142.64439392
1309,Далматово,56.25746918,62.92707825
1974,Шахтерск (Сахалинская область),49.17366409,142.12533569
203,Вьетнам,13.4233942,108.25662231
1807,Гаврилов-Ям,57.3047905,39.85362244
213,Греция,38.14803314,23.95284462
1856,Россошь,50.18756485,39.58671951
2018,Шлиссельбург,59.94055176,31.04009438
1151,Дивногорск,55.96245193,92.38053894
1303,Сухой Лог,56.89915848,62.0317421
4092,Лоухи,66.07505035,33.04877853
5877,"Прогресс (Янаульский район, Башкортостан)",56.24238586,54.718853
2955,Малые Вязёмы,55.6309166,37.01483917
1186,Удачный,66.40000153,112.31700134
1525,Петров Вал,50.14100266,45.20643997
1573,Сорочинск,52.43556213,53.15067673
1102,Пыталово,57.06442261,27.92053032
2844,Кант,42.88882446,74.8457489
1717,Александров,56.40000153,38.73300171
33,Израиль,30.81242561,34.859478
2002,Луга,58.73822403,29.84724236
2506,Богучаны,58.38470459,97.45587158
1382,Урай,60.13396072,64.80176544
1808,Данилов,58.18263626,40.14333344
1518,Котово,50.31378174,44.8121109
1189,Саяногорск,53.08938599,91.41139984
1539,Зерноград,46.85129166,40.30420303
4055,Ленинский (Тульская область),54.2894516,37.45713425
2247,Кобрин,52.21169281,24.3561554
2785,Маргилан,40.47532272,71.72562408
2010,Приозерск,61.03768158,30.13126183
1701,Урень,57.46286011,45.79977798
3718,Верхний Мамон,50.17014694,40.40816116
2000,Лодейное Поле,60.7343483,33.53444672
2240,Береза,52.52668381,24.96932602
1643,Нурлат,54.43622208,50.80752563
1315,Шумиха,55.22847366,63.29968643
1801,Ржев,56.26989746,34.32992554
2385,Саки,45.13987732,33.60418701
4762,Курагино,53.89126968,92.68018341
1053,Валдай,57.97873688,33.25452042
2753,Энем,44.9215889,38.91033936
3670,Родино,44.5739212,8.01912594
3855,Становое,54.8205986,68.31864166
1700,Сергач,55.52198029,45.43547821
6385,Поварово,56.07853699,37.05924225
1386,Бакал,54.93857193,58.80976486
50,Китай,36.55937195,103.7533493
1431,Кизляр,43.84732437,46.70905304
1120,Гусиноозерск,51.28695297,106.54440308
1207,Карасук,53.72792053,78.05047607
1515,Калач-на-Дону,48.679039,43.54766846
1740,Бабаево,59.39648438,35.94519424
4772,Северо-Енисейский (Красноярский край),60.37464905,93.02884674
1013,Мирный (Архангельская область),62.76107407,40.33876038
1346,Ялуторовск,56.65509033,66.31179047
5652,Октябрьское (Пригородный район),43.05486298,44.74707031
1508,Камызяк,46.11212158,48.07072449
3852,Красное (Липецкая область),52.86384964,38.77198792
1769,Южа,56.58343506,42.00456238
2100,Дедовск,55.86003113,37.12136078
2697,Нарышкино,52.96681595,35.70701981
4594,Красные Баррикады,46.20359039,47.86072159
2789,Термез,37.24424744,67.28314972
2029,Кашира,54.83423233,38.15138245
1283,Краснотурьинск,59.76329041,60.20303345
190,Темиртау,50.05878067,72.9535675
6458,Сириус,43.4086113,39.95249939
1957,Спасск-Дальний,44.60127258,132.82872009
5894,Ямбург (Ямало-Ненецкий АО),67.91400146,74.8923111
3048,Талгар,43.30272293,77.23953247
2452,Медвежье Озеро,64.21669769,33.71670151
1529,Фролово,49.76324463,43.64683914
3058,Калининская,45.1216774,39.02334976
5263,Чугуевка,44.16448212,133.855896
182,Рудный,52.96445847,63.1334877
1373,Мегион,61.03882217,76.10031128
1722,Карабаново,56.31428909,38.71353912
1056,Пестово,58.59925842,35.79829025
2264,Орша,54.51097107,30.42863655
2507,Сестрорецк,60.10559464,29.96460533
2961,Кронштадт,60.0,29.7670002
1537,Донецк (Ростовская область),48.32981491,39.96471024
1598,Аткарск,51.87071228,44.99256134
3734,Павловская Слобода,55.81409073,37.08598709
1659,Шумерля,55.52595901,46.37122345
2016,Тихвин,59.64631653,33.510746
2381,Алушта,44.67283249,34.40573502
2690,Ванино,49.09075165,140.25805664
38,Италия,43.52555084,12.16000175
2328,Солигорск,52.78619766,27.52424431
1945,Елизово,53.18933105,158.38298035
4820,Онгудай,50.74966431,86.13393402
4333,Верхнеднепровский,54.9812355,33.34621811
4671,Каргасок,59.0573082,80.86845398
1263,Арамиль,56.69945145,60.82521057
7,Австрия,47.58707047,14.14098835
6923,Верхневилюйск,63.44945526,120.30680084
4494,Багаевская,47.3211174,40.37011719
304,Салехард,66.53089905,66.60240173
5281,Новый Ургал,51.06865692,132.60264587
2756,Себеж,56.28705978,28.48281479
2754,Архипо-Осиповка,44.36991882,38.53377914
6311,Преображение,42.90309906,133.91029358
45,Канада,62.57421112,-96.60791016
1601,Вольск,52.04552841,47.38806152
2046,Старая Купавна,55.80851364,38.17750168
3690,Краснообск,54.91769791,82.98506165
4970,Абатское,56.28902435,70.45302582
2243,Жабинка,52.19536972,24.01511765
2060,Климовск (Московская область),55.3588829,37.52059555
1160,Кодинск,58.60294342,99.18805695
1070,Мончегорск,67.93338776,32.93571091
1688,Городец,56.64706039,43.49103165
1513,Дубовка,49.06003952,44.82226181
1138,Слюдянка,51.65650177,103.7184906
2639,Павловская,46.1356163,39.78341293
5962,"Михнево (Московская область, Ступинский район)",55.05619431,38.09373093
1863,Ермолино (Калужская область),55.21324921,36.60419464
1159,Канск,56.20519257,95.70582581
1121,Закаменск,50.37543106,103.29145813
3827,Горшечное,51.52319717,38.02258301
1033,Пионерский,54.95199203,20.23988152
1404,Пласт,54.37290955,60.81126022
1917,Болохово,54.08254623,37.82990265
2036,Московский,55.60216522,37.34661102
5545,Сабетта (Ямало-Ненецкий АО),71.23239899,72.13950348
4160,Тельмана,40.68899155,72.86357117
2681,Шушары,59.8066864,30.38612747
1908,Котовск (Тамбовская область),52.58749008,41.50590134
1365,Туймазы,54.60677719,53.69358063
1994,Ивангород,59.37627029,28.21942139
1536,Гуково,48.04800034,39.95329285
1353,Благовещенск (Республика Башкортостан),55.04573059,55.95884705
6578,Солнечный (Красноярский край),55.28746414,89.82743073
1094,Невель,56.01545334,29.91682243
2366,Новополоцк,55.53204727,28.6603241
1301,Серов,59.59894562,60.56483078
1197,Нерчинск,51.98109436,116.57997894
1087,Сегежа,63.74394226,34.31757736
4195,Грахово,56.04758072,51.9584198
6011,Путилково,55.86411285,37.39025116
1903,Мценск,53.27865219,36.58032227
4260,Горноуральский,58.06700897,59.91341019
1049,Усинск,65.99220276,57.55709457
1634,Заинск,55.30502701,52.01741791
6759,Усть-Абакан,53.84460068,91.38129425
2068,Пересвет,56.4093895,38.17226028
6290,Шахтинск,49.70566559,72.594841
1314,Шадринск,56.0876236,63.63763046
3862,Стрелецкое,50.63476944,36.46495819
1483,Буденновск,44.78485107,44.15021515
5702,Визинга,61.07614517,50.10060501
2450,Пластун,44.75180054,136.29859924
1972,Углегорск,49.07963943,142.06314087
1984,Певек,69.70330811,170.28001404
4981,Винзили,56.96411896,65.78058624
1036,Светлогорск (Калининградская область),54.93954849,20.14932823
4708,Лузино,54.94513321,73.0283432
1101,Пустошка,56.33512497,29.36903954
1421,Тарко-Сале,64.918396,77.77035522
5336,Волго-Каспийский,46.20107651,47.92582321
1723,Киржач,56.15428543,38.85702515
4837,Краснозерское,53.99013138,79.23849487
2817,Тацинская,48.19214249,41.2746315
4615,Власиха,55.68896484,37.20394516
3322,Елизаветинская,45.04802322,38.77941513
4112,Мурмаши,68.81667328,32.83306122
1264,Артемовский (Свердловская область),57.34556198,61.88586807
1619,Сенгилей,53.9620285,48.79050827
5860,"Амзя (Нефтекамск, Башкортостан)",56.23465729,54.39287949
2804,Первомайский (Тамбовская область),53.24777985,40.27692032
4498,Большие Салы,47.38769531,39.68486023
1402,Нязепетровск,56.05350876,59.60232544
1349,Баймак,52.58648682,58.30194855
1376,Нягань,62.13965988,65.41477203
2242,Дрогичин,52.18571472,25.15994644
3853,поселок Лев Толстой,53.21110153,39.46133041
1451,Курганинск,44.88536453,40.59118652
1153,Енисейск,58.45532608,92.17475128
4775,Тасеево,57.21681595,94.894104
1423,Адыгейск,44.88331985,39.18588638
4861,Жигалово,54.81299973,105.15235901
1653,Алатырь,54.84049225,46.58673096
4730,Седельниково,56.94763947,75.30235291
2230,Зеленогорск (Ленинградская обл),60.20061493,29.70215797
3719,Берёзово,63.93524551,65.05356598
1327,Краснокамск,58.07792282,55.74274445
1267,Богданович,56.77495575,62.03380585
234,Румыния,45.83976746,24.98456573
1561,Рузаевка,54.07164383,44.94826889
1609,Пугачев,52.02192688,48.82302475
3034,Кульсары,46.96214676,54.01291656
1330,Лысьва,58.09973526,57.80992508
1144,Черемхово,53.14741135,103.08197784
1588,Кинель,53.21406555,50.61436081
3037,Приволжье (Самарская область),52.85820389,48.59196854
3710,Иглино,54.83481979,56.41558838
3047,Сосновка (Тамбовская область),53.22885132,41.37134171
2710,Иловля,49.30546188,43.97893524
3065,Казанское,55.64573669,69.23522949
4100,Баранчинский,58.16810989,59.69612122
2694,Тбилисская,45.3564682,40.19754028
1275,Заречный (Свердловская область),56.80624008,61.32704926
4641,Баргузин,53.42499924,108.99700165
2657,Софрино,56.1338501,37.92963028
4356,Павино,59.11501694,46.14399338
2007,Пикалево,,
3815,Панино,51.65423965,40.1313324
3849,Измалково,52.68370819,37.97740936
4754,Казачинское,57.69683456,93.28398132
1779,Нея,58.29384232,43.86771774
1583,Сердобск,52.45483398,44.20609665
1502,Гудермес,43.34043503,46.10031509
1425,Буйнакск,42.82191849,47.1224823
1983,Билибино,68.05542755,166.45056152
1299,Реж,57.37073517,61.38048553
5363,Нижний Одес,63.63299942,54.84999847
6365,Актогай,46.95219803,79.6754303
1543,Миллерово,48.92162323,40.4024353
3295,Старотитаровская,45.21873093,37.14728165
2245,Ивацевичи,52.70793533,25.33520508
1658,Цивильск,55.86436844,47.48451233
4814,Шерегеш,52.92631531,87.97710419
1279,Камышлов,56.84782028,62.69941711
1158,Иланский,56.23398972,96.06996918
1733,Радужный (Владимирская область),55.99240494,40.32293701
6528,Калининец,55.56609726,36.9959259
1089,Суоярви,62.08798218,32.37339783
1461,Усть-Лабинск,45.21097183,39.69114304
6453,Урджар,47.09923935,81.63478088
6,Австралия,-25.72810364,134.4901886
4763,Мотыгино,58.18175125,94.70475006
149,Швеция,59.67497253,14.52085876
2303,Новогрудок,53.59915161,25.82587624
1989,Волхов,59.89951706,32.35279846
3675,Моргауши,55.96842957,46.77371597
65,Нидерланды,52.24563217,5.62691879
1548,Сальск,46.4585762,41.53907013
1793,Кашин,57.36057663,37.60818481
1168,Шарыпово,55.53126526,89.18939209
4587,Октябрьский (Волгоградская область),47.96538162,43.6490097
3989,Ольгинская,45.9462738,38.54586411
2638,Орловский,46.86869049,42.05604935
2797,Баткен,40.06166077,70.82158661
3707,Прохоровка,51.03408051,36.73221207
1526,Серафимович,49.57888412,42.72471619
5268,Тымовское,50.85255051,142.65615845
2764,Акташ (Узбекистан),39.73725128,67.69216919
1039,Советск (Калининградская область),55.07467651,21.883955
2783,Карши,38.83982468,65.79277802
2050,Звенигород,55.73094177,36.85371399
4831,Верх-Тула,54.88049698,82.77313232
6355,Икша,56.17334366,37.50109482
1936,Райчихинск,49.80355835,129.40068054
2438,Анна,51.48978806,40.39503479
3064,Ордынское,54.36777878,81.90361023
3847,Долгоруково,52.31345749,38.3491745
3686,Пестяки,56.70626068,42.66952133
210,Катар,25.33369827,51.22953033
4278,Первомайский (Оренбургская область),51.90576553,51.63762283
1712,Скопин,53.82356644,39.54933929
4741,Абан,56.67542267,96.06803131
3271,Дагомыс,43.65903473,39.65118027
5168,Енотаевка,47.24333191,47.02900314
1773,Волгореченск,57.44437408,41.16346359
2251,Пинск,52.11235046,26.10459328
5867,"Красная Горка (Нуримановский район, Башкортостан)",55.2746582,56.90628052
1105,Вязьма,55.21585083,34.30455399
5444,Первомайское (Ленинградская область),60.01511383,31.72214127
1849,Калач,50.42498016,41.01328278
3052,Ракитное (Белгородская область),50.83368301,35.83439636
2449,Балтаси,56.34679794,50.2244072
1117,Ярцево,55.0682869,32.68650436
1294,Новая Ляля,59.05052185,60.57933044
5972,Малаховка (Московская область),55.65122604,38.01011276
2945,Краснозёрское,53.99013138,79.23849487
5026,Коротчаево,,
4574,Ерзовка,53.49863815,51.65975189
2081,Лосино-Петровский,55.86433411,38.20939255
5337,Кировский (Астраханская область),45.84716797,48.11943817
1610,Ртищево,52.25520325,43.79087448
6625,Старый Городок (Одинцовский район),55.66494751,36.85491943
6364,Мирный (Самарская область),53.5065918,50.27059555
1357,Кумертау,52.75655746,55.78775406
1024,Гурьевск (Калининградская область),54.76737213,20.6093998
1313,Петухово,55.10292435,67.96084595
1150,Бородино,55.52680969,35.81993103
1392,Карталы,53.05960464,60.64126587
1923,Липки,50.44863892,30.53007507
1521,Михайловка (Волгоградская область),50.07052994,43.23360062
209,Индия,22.35250854,79.36368561
5784,Варна (Челябинская область),53.38341904,60.97526932
4480,Октябрьский (Рязанская область),54.23633194,38.89144897
3727,Томилино,55.66231918,37.95428848
5116,Обухово,55.83462906,38.27769852
1861,Белоусово,55.09602737,36.67443848
1397,Куса,55.33622742,59.4428215
6059,Кудрово,59.28329849,30.63330078
1396,Коркино,54.89154053,61.39176941
4817,Яя,56.20464325,86.45036316
5732,Косулино (Свердловская область),56.73582077,60.95904922
5504,Эркен-Шахар,44.36876297,41.96327591
4296,Ясный (Оренбургская область),51.03740692,59.86517715
1696,Павлово,55.96480179,43.06461716
1115,Сафоново,55.09232712,33.26190948
1857,Семилуки,51.69838715,39.01464844
4626,Немчиновка,55.71984482,37.36304474
1175,Алдан,58.60356522,125.38327026
1579,Каменка (Пензенская область),53.18050766,44.00728226
215,Тура (Красноярский край),64.27025604,100.20760345
3275,Ильский,44.8362999,38.56163025
2761,Селятино,55.51601028,36.98315048
3432,Новомихайловский,44.25363159,38.84635162
6313,Палех,56.80177307,41.85244751
1069,Кола,68.88261414,33.01837921
6641,Пуровск,64.9391098,77.58810425
4027,Металлострой,59.80938339,30.57543182
4856,Белореченский,52.81397247,103.52509308
5147,Павловка,53.10597992,69.01456451
2780,Нукус,42.46002197,59.61766052
1953,Дальнереченск,45.92794418,133.73326111
1562,Темников,54.63221741,43.21066666
1063,Гаджиево,69.25,33.41699982
2589,Скидель,53.58660507,24.25047302
2252,Пружаны,52.55532455,24.45814514
5275,Чегдомын,51.13259506,133.02793884
2295,Волковыск,53.15359497,24.45060349
1480,Моздок,43.73941803,44.66736984
5175,Лиман (Астраханская область),45.7816391,47.22353745
1654,Канаш,55.50229263,47.50679779
2732,Суксун,57.14685822,57.39028168
1428,Избербаш,42.56685638,47.87278366
6336,Снегири,55.87966919,37.03914642
1453,Новокубанск,45.10568237,41.04183578
1486,Железноводск,44.13184357,43.03002548
1911,Рассказово,52.6505928,41.88405228
2682,Ульяновка (Ленинградская область),59.64152908,30.76514053
1623,Козьмодемьянск,56.34131241,46.58110428
5460,Форносово,59.57027817,30.55056
1242,Полысаево,54.60471344,86.27436829
1901,Ливны,52.42655182,37.60795212
2302,Мосты,50.50286484,13.63981628
2030,Ожерелье,54.78714752,38.27324295
5150,Верхние Киги,55.40282822,58.59954834
1605,Красный Кут,50.94613647,46.96950912
1534,Белая Калитва,48.17398834,40.78863144
3812,Новохопёрск,51.09370804,41.61087036
1843,Фокино (Брянская область),53.45340729,34.41633606
1820,Валуйки,50.19944,38.1207962
1230,Анжеро-Судженск,56.06432724,86.01599884
1523,Новоаннинский,50.53308487,42.66958618
1922,Киреевск,53.92918396,37.92804718
5960,Развилка (Московская область),55.59262466,37.75177765
1351,Белорецк,53.96888733,58.42322159
1800,Осташков,57.14227295,33.12000275
1683,Ветлуга,57.85369492,45.76159668
5485,Адыге-Хабль,44.33278275,41.93489838
3770,Верхнеяркеево,55.44036865,54.30876923
5779,Аргаяш,55.48210144,60.88401031
2840,Цхалтубо,42.33103561,42.6008873
5029,Пангоды,65.85657501,74.49479675
3272,Джубга,44.31738663,38.70348358
2648,Таксимо,56.34029007,114.89654541
1343,Заводоуковск,56.50900269,66.53942108
6200,Чамзинка,54.40960693,45.78480148
1074,Полярный,69.20146942,33.44751358
1852,Новохоперск,51.09370804,41.61087036
1190,Сорск,53.9956398,90.24784088
1290,Нижние Серги,56.66201019,59.29938126
2947,Максатиха,57.7865448,35.87931061
1306,Талица,57.01268768,63.72956467
5876,Николо-Березовка,56.12659836,54.17273712
2226,Байконур (Кызылорд. обл),44.8144951,65.50432349
1674,Слободской,58.72415161,50.17271042
1916,Богородицк,53.76824951,38.13380432
1897,Чаплыгин,53.24285126,39.97247314
6765,Белый Яр (Республика Хакасия),53.59643555,91.38236237
4904,Завьялово (Алтайский край),52.8382988,80.92095184
6603,Новый Городок (Одинцовский район),55.66494751,36.85491943
2011,Светогорск,61.11442566,28.85344696
4642,Бичура,50.58747101,107.59490204
1256,Асино,56.9991684,86.14085388
5792,Красногорский (Челябинская область),54.60584259,61.2376442
5162,Инзер,54.21824265,57.56655884
1293,Нижняя Тура,58.62253189,59.86790085
3938,Перемышль,49.78300095,22.7670002
1758,Кинешма,57.44295883,42.1493988
2708,Афипский,44.89629745,38.84353638
1738,Юрьев-Польский,56.50221634,39.68153763
4816,Яшкино,55.87072372,85.43835449
1939,Тында,55.14847565,124.72633362
2630,Белоозерск,52.47698212,25.18132591
195,Хромтау,50.2568779,58.4353447
1560,Краснослободск (Республика Мордовия),54.43199921,43.77779007
1926,Советск (Тульская область),53.93964386,37.63783264
4926,Павловск (Алтайский край),53.31801987,82.9881897
1219,Белокуриха,51.99496841,84.98088074
2954,Яблоновский (Республика Адыгея),44.99092102,38.94947433
2801,Вольгинский,55.94792938,39.24573898
6017,Сарань,49.80170822,72.8285141
1048,Сосногорск,63.58866119,53.93677902
6363,Вольно-Надеждинское,43.37926865,131.98352051
4491,Кордай,43.61219025,74.99946594
6592,Ташкиново,59.75,52.70000076
1568,Кувандык,51.48416138,57.36646652
4812,Тяжинский,56.1134758,88.52044678
5076,Ильинка,54.2030983,68.00595856
4659,Хоринск,52.16146469,109.76294708
1276,Ивдель,60.69863129,60.41751099
3286,Отрадная,44.39773941,41.5219841
1851,Нововоронеж,51.31188583,39.21400833
241,Португалия,39.68219757,-7.96828794
1547,Пролетарск,46.69726944,41.7086792
1681,Богородск,56.10380936,43.51686096
5559,Тахтамукай,44.92315674,38.99334335
2755,Серебрянск,49.68460846,83.29708862
1819,Бирюч,50.65309525,38.3996582
1650,Можга,56.44276047,52.21390533
5627,Сунжа (Ингушетия),43.3175354,45.05099869
1731,Петушки,55.91699982,39.46699905
3061,Ивня,51.06231308,36.13134766
1589,Нефтегорск (Самарская область),52.8072319,51.17360687
3285,"Октябрьская (Крыловский район,Краснодарский край)",46.28576279,39.80970383
1567,Гай,51.46785355,58.45491791
300,Таиланд,15.13178921,101.01837921
1209,Куйбышев,55.44428253,78.34143066
4561,Чалтырь,47.28074265,39.49951935
5227,Ключи (Камчатский край),56.3236618,160.83882141
4910,Ключи (Алтайский край),52.25555038,79.17332458
1341,Чусовой,58.29405212,57.82407379
2845,Кара-Балта,42.80236435,73.8526535
2736,Приволжский,51.41265869,46.04674911
5017,Салым,60.0761261,71.47367859
1232,Березовский (Кемеровская область),55.66947937,86.27424622
4627,Новоивановское,55.70529938,37.36629868
4196,Дебёсы,57.65132904,53.80673218
4838,Криводановка,55.08589172,82.64409637
4019,Мга,59.74931335,31.05614281
1478,Беслан,43.19378662,44.54868698
1736,Судогда,55.9500618,40.85705566
1043,Вуктыл,63.848526,57.30696106
2951,Сарыагаш,41.4501152,69.16444397
2796,Ош,40.53619003,72.80335999
1305,Тавда,58.0513649,65.25421906
1198,Петровск-Забайкальский,51.27614594,108.84624481
4557,Тарасовский,48.73231888,40.3656311
6773,Андреевка (Хасанский район),42.64595032,131.13145447
1959,Фокино (Приморский край),42.96996689,132.41056824
2680,Приютово,53.89706802,53.93213654
1455,Приморско-Ахтарск,46.04901886,38.17039871
4793,Инской,53.50552368,82.6703186
1638,Мамадыш,55.7130127,51.39535522
1816,Углич,57.52630234,38.31734085
4901,Власиха (Алтайский край),53.28980637,83.62208557
1372,Лянтор,61.62151337,72.16994476
5171,Ильинка (Икрянинский район),45.95396805,47.66943741
1732,Покров,54.03810883,34.26185989
3714,Гиагинская,44.87258148,40.06077957
5264,Камень-Рыболов,44.72080231,132.0405426
1564,Абдулино,53.69346619,53.64790344
3683,Чернянка,50.94188309,37.81442642
5094,Могойтуй,51.28795624,114.93186188
2314,Дзержинск (Беларусь),53.68470001,27.13168335
1858,Эртиль,51.83726883,40.79515839
1772,Буй,58.48134995,41.53801727
1962,Анива,46.7196846,142.52331543
1907,Кирсанов,52.65058136,42.72478867
4790,Грамотеино,54.52598572,86.36602783
2057,Ликино-Дулево,54.07003021,33.73648834
4840,Кыштовка,56.56774139,76.61774445
4048,Глинищево,53.30291748,34.0767746
4053,Куркино,55.88693619,37.37975311
1385,Аша,54.99133301,57.27732468
1593,Похвистнево,53.65270996,52.12729645
5095,Нерчинский Завод,51.30935669,119.61472321
2071,Протвино,54.87703705,37.22146225
40,Казахстан,48.10129547,66.7780838
113,Россия,61.66702652,99.09856415
9,Азербайджан,40.39363098,47.78725052
16,Беларусь,53.54193497,28.04946327
28,Грузия,42.18067932,43.50618362
1575,Пензенская область,53.18247986,44.63396835
48,Кыргызстан,41.50893402,74.72409058
1586,Самарская область,53.27694702,50.4637146
1596,Саратовская область,51.57865524,46.79747009
2114,Республика Крым,45.33240891,34.36699295
1614,Ульяновская область,53.88956833,47.9469223
1103,Смоленская область,54.95661545,32.99777222
1624,Республика Татарстан,55.35261536,50.9181633
1118,Республика Бурятия,53.55713272,109.50959015
97,Узбекистан,41.32373047,63.95280838
1124,Иркутская область,57.10020065,106.36322784
1646,Удмуртская Республика,57.16744232,52.79700089
1652,Чувашская Республика,55.49132919,47.08462524
1146,Красноярский край,67.02440643,95.94022369
1661,Кировская область,58.68000793,49.83034515
1679,Нижегородская область,56.31197357,44.61108398
145,Ленинградская область,60.01511383,31.72214127
1192,Забайкальский край,52.84723282,116.20051575
1704,Рязанская область,54.33322906,40.62514114
1202,Новосибирская область,55.27662659,79.76953888
1217,Алтайский край,52.60813141,82.60857391
1229,Кемеровская область,54.77919388,87.20737457
1754,Ивановская область,56.98938751,41.55592728
1249,Омская область,56.10312653,73.34358978
1255,Томская область,58.49094391,82.14196777
1771,Костромская область,58.45602798,43.78937149
1261,Свердловская область,58.58657837,61.53014374
1783,Тверская область,57.09278488,34.70449066
1806,Ярославская область,57.86499023,39.14401245
1817,Белгородская область,50.67073059,37.49095917
1828,Брянская область,52.90956116,33.42156219
1317,Пермский край,59.11800766,56.2253952
1844,Воронежская область,50.97173691,40.23273849
1859,Калужская область,54.37179565,35.44621658
1890,Липецкая область,52.64429092,39.14969254
1384,Челябинская область,54.44575882,60.39513016
1898,Орловская область,52.78105545,36.47952652
1913,Тульская область,53.8878212,37.57717133
1943,Камчатский край,55.96853256,159.21421814
1948,Приморский край,45.1776123,134.72192383
1438,Краснодарский край,45.26422882,39.46429062
1975,Хабаровский край,53.48480988,134.58360291
1481,Ставропольский край,44.9539032,43.34413528
1500,Чеченская республика,43.30591965,45.74697113
2019,Московская область,55.4961586,38.62312317
1511,Волгоградская область,49.61577225,44.1512413
1008,Архангельская область,63.41415024,43.14626312
1530,Ростовская область,,
1020,Калининградская область,54.7063179,21.45708656
6388,Шардара,41.26610565,67.96613312
1026,Зеленоградск,54.95986557,20.47506142
2587,Панама,8.5197258,-80.08855438
2080,Шатура,55.57800674,39.54442215
5718,Восточный (Свердловская область),56.78976822,59.94836426
3677,Комсомольское (Чувашская Республика),55.49132919,47.08462524
2679,Чишмы,54.59002304,55.38248444
3712,Коченево,55.03067017,82.21276093
2731,Красково,55.65760803,37.98462677
6319,Хандыга,62.65297699,135.56680298
2260,Дубровно,54.57190323,30.69112015
217,Усть-Ордынский,52.80152512,104.75875854
233,Сингапур,1.35652304,103.80859375
5872,"Михайловка (Уфимский район, Башкортостан)",54.75606155,55.73693466
5364,Троицко-Печорск,62.7133522,56.18680573
1287,Лесной,58.63490677,59.78113556
3859,Дубовое,48.18701935,23.88558388
2325,Несвиж,53.21978378,26.68404961
2842,Балыкчы,42.45689011,76.19608307
1323,Губаха,58.83992386,57.5524292
4908,Зудилово,53.48288345,83.87891388
4399,Гидроторф,56.46590424,43.54890823
2353,Мальта,35.88811874,14.44021893
1329,Кунгур,57.43167877,56.93966293
1845,Бобров,51.09840775,40.03009033
4944,Топчиха,52.82628632,83.12028503
1875,Сосенский,54.05614471,35.95819473
2389,Белогорск (Крым),45.05012512,34.59197998
1379,Радужный (Ханты-Мансийский АО - Югра),62.13408279,77.46039581
3444,Удобная,44.1990509,41.55368042
6006,Лесной (Минская область),54.00482559,27.67850304
1925,Плавск,53.70837784,37.29455566
1430,Кизилюрт,43.20172501,46.86559296
5019,Солнечный (Ханты-Мансийский АО),61.28155518,73.18434906
6064,Дубки (Саратовская область),51.66617966,46.05884933
1970,Северо-Курильск,50.67227554,156.12036133
1491,Лермонтов,44.1013298,42.971138
4566,Алексеевская,50.29211807,42.18697357
242,Эквадор,-1.33976674,-79.36669922
1001,Другие регионы,,
2330,Столбцы,53.48839188,26.73143005
1495,Нефтекумск,44.75133133,44.99180603
1316,Щучье,55.1470871,68.51083374
3066,Черлак (Омская область) 	,54.15261078,74.80506134
5286,Угольные Копи,64.73651123,177.68287659
1563,Оренбургская область,51.99488831,55.62478638
2237,Минская область,53.89451599,27.6024437
110,Южная Корея,36.43822861,127.83287048
4245,Адамовка,51.5187912,59.93887711
207,Норвегия,59.91333008,10.7389698
5047,Белиз,17.19834137,-88.70926666
1090,Псковская область,57.23782349,29.23394966
5176,Марфино (Астраханская область),46.40994644,48.71580505
1077,Республика Карелия,63.5471077,33.12811279
3663,Атбасар,51.80996323,68.35847473
6104,Жаркент,44.16566467,80.00273895
4218,Ишлеи,56.02905273,47.03827667
1505,Астраханская область,47.15774155,47.27773666
2320,Логойск,54.20071793,27.84791946
4870,Мама,20.47833443,-89.37030792
1968,Оха,53.58929062,142.94317627
1322,Гремячинск,58.55692673,57.85310364
1952,Дальнегорск,44.54724121,135.55627441
5163,Архангельское (Республика Башкортостан),54.4098587,56.78582001
1035,Правдинск (Калининградская область),54.43299866,21.03300095
2308,Сморгонь,54.48112106,26.40128136
6298,Фряново,56.13583755,38.44607544
1342,"Тюменская область
",57.68415451,69.13806915
2275,Буда-Кошелево,52.72019196,30.56924629
1625,Агрыз,56.5175705,52.99612045
3775,Иноземцево,44.09858704,43.09009933
2360,Филиппины,15.94740677,121.42166901
6493,Аса,43.03604889,71.15106201
1742,Великий Устюг,60.76392746,46.31014252
2768,Андижан,40.78334808,72.35067749
2315,Жодино,54.10441589,28.3520565
2342,Костюковичи,53.35802841,32.06285477
1739,Вологодская область,59.96281815,40.50950241
4420,Сатис,55.01597595,43.80446243
1716,Владимирская область,56.01381683,40.67664337
2234,Витебская область,55.22001648,28.93599892
4949,Целинное,54.50399017,63.66769028
1918,Венев,54.35242844,38.26454544
2099,Юбилейный (Московская область),55.93577576,37.84456635
1544,"Морозовск
",48.34627151,41.8259697
1078,Беломорск,64.52134705,34.76255417
2685,Федоровский,61.60744095,73.72304535
2767,Ангрен,41.00395203,70.06214905
4108,Верхнетуломский,68.60666656,31.79750061
1422,Республика Адыгея,44.5969429,39.99394608
2105,Словения,46.11947632,14.82200527
1929,Чекалин,54.10060883,36.24688339
1347,Республика Башкортостан,54.27172852,56.52554321
4744,Березовка (Красноярский край),56.03725433,93.12685394
5043,Звёздный Городок,55.87683487,38.1126442
3934,"Воротынск
",54.42967224,36.04536057
4825,Чемал,51.4080658,86.00125885
3708,Усть-Нера,64.56757355,143.23455811
2432,Каневская,46.07699966,38.96753311
